epoch,loss,val_loss
0,152.73369602179088,2.1960890407562257
1,1.6854508043797634,1.692959750175476
2,1.725628370880396,1.4123614292144775
3,1.5181066510174293,1.2639196443557739
4,1.389456479246989,1.1331137771606445
5,1.2545895557784086,1.018955819606781
6,1.1382651451747807,1.292912901878357
7,0.9211524001487089,1.4545971307754517
8,0.8813013751820329,0.7984683184623719
